[
  {
    "anonymous": false,
    "inputs": [
      {
        "indexed": false,
        "internalType": "address",
        "name": "_oldOwner",
        "type": "address"
      },
      {
        "indexed": false,
        "internalType": "address",
        "name": "_newOwner",
        "type": "address"
      }
    ],
    "name": "OwnerShipTransfer",
    "type": "event"
  },
  {
    "anonymous": false,
    "inputs": [
      {
        "indexed": false,
        "internalType": "string",
        "name": "_identifier",
        "type": "string"
      }
    ],
    "name": "Upload",
    "type": "event"
  },
  {
    "inputs": [
      {
        "internalType": "string",
        "name": "_identifier",
        "type": "string"
      },
      {
        "internalType": "address",
        "name": "ownerAddress",
        "type": "address"
      }
    ],
    "name": "addNewOwner",
    "outputs": [],
    "stateMutability": "nonpayable",
    "type": "function"
  },
  {
    "inputs": [
      {
        "internalType": "string",
        "name": "_identifier",
        "type": "string"
      }
    ],
    "name": "deleteMetadata",
    "outputs": [
      {
        "internalType": "bool",
        "name": "",
        "type": "bool"
      }
    ],
    "stateMutability": "nonpayable",
    "type": "function"
  },
  {
    "inputs": [
      {
        "internalType": "string",
        "name": "",
        "type": "string"
      }
    ],
    "name": "documentMapping",
    "outputs": [
      {
        "components": [
          {
            "internalType": "string",
            "name": "Title",
            "type": "string"
          },
          {
            "internalType": "string",
            "name": "Description",
            "type": "string"
          },
          {
            "internalType": "enum DocumentTracker.ConfidentialityLevel",
            "name": "level",
            "type": "uint8"
          },
          {
            "internalType": "address[]",
            "name": "ownerList",
            "type": "address[]"
          },
          {
            "internalType": "string",
            "name": "Type",
            "type": "string"
          },
          {
            "internalType": "string",
            "name": "Size",
            "type": "string"
          },
          {
            "internalType": "string",
            "name": "LastModifiedDate",
            "type": "string"
          },
          {
            "internalType": "string",
            "name": "MetaDataHash",
            "type": "string"
          }
        ],
        "internalType": "struct DocumentTracker.MetaData",
        "name": "data",
        "type": "tuple"
      },
      {
        "internalType": "uint256",
        "name": "_initialised",
        "type": "uint256"
      }
    ],
    "stateMutability": "view",
    "type": "function"
  },
  {
    "inputs": [
      {
        "internalType": "string",
        "name": "_identifier",
        "type": "string"
      }
    ],
    "name": "retrieveData",
    "outputs": [
      {
        "components": [
          {
            "internalType": "string",
            "name": "Title",
            "type": "string"
          },
          {
            "internalType": "string",
            "name": "Description",
            "type": "string"
          },
          {
            "internalType": "enum DocumentTracker.ConfidentialityLevel",
            "name": "level",
            "type": "uint8"
          },
          {
            "internalType": "address[]",
            "name": "ownerList",
            "type": "address[]"
          },
          {
            "internalType": "string",
            "name": "Type",
            "type": "string"
          },
          {
            "internalType": "string",
            "name": "Size",
            "type": "string"
          },
          {
            "internalType": "string",
            "name": "LastModifiedDate",
            "type": "string"
          },
          {
            "internalType": "string",
            "name": "MetaDataHash",
            "type": "string"
          }
        ],
        "internalType": "struct DocumentTracker.MetaData",
        "name": "",
        "type": "tuple"
      }
    ],
    "stateMutability": "view",
    "type": "function"
  },
  {
    "inputs": [
      {
        "internalType": "string",
        "name": "_identifier",
        "type": "string"
      },
      {
        "internalType": "address",
        "name": "newOwner",
        "type": "address"
      }
    ],
    "name": "transferOwnerShip",
    "outputs": [],
    "stateMutability": "nonpayable",
    "type": "function"
  },
  {
    "inputs": [
      {
        "internalType": "string",
        "name": "_identifier",
        "type": "string"
      },
      {
        "components": [
          {
            "internalType": "string",
            "name": "Title",
            "type": "string"
          },
          {
            "internalType": "string",
            "name": "Description",
            "type": "string"
          },
          {
            "internalType": "enum DocumentTracker.ConfidentialityLevel",
            "name": "level",
            "type": "uint8"
          },
          {
            "internalType": "address[]",
            "name": "ownerList",
            "type": "address[]"
          },
          {
            "internalType": "string",
            "name": "Type",
            "type": "string"
          },
          {
            "internalType": "string",
            "name": "Size",
            "type": "string"
          },
          {
            "internalType": "string",
            "name": "LastModifiedDate",
            "type": "string"
          },
          {
            "internalType": "string",
            "name": "MetaDataHash",
            "type": "string"
          }
        ],
        "internalType": "struct DocumentTracker.MetaData",
        "name": "_metaData",
        "type": "tuple"
      }
    ],
    "name": "upload",
    "outputs": [
      {
        "internalType": "string",
        "name": "",
        "type": "string"
      }
    ],
    "stateMutability": "nonpayable",
    "type": "function"
  }
]